Name,Maths,Science,English,Total,Percentage,Result,Grade
Rahul,80,90,70,240,80.0,Pass,A
Amit,60,75,65,200,66.66666666666667,Pass,C
Priya,95,88,92,275,91.66666666666667,Pass,A+
Neha,70,60,75,205,68.33333333333333,Pass,C
Jay,85,80,78,243,81.0,Pass,A
